train_pos,train_neg,test_pos,test_neg
EO-083 EO-143 EA-135 EE-105 EO-005 EI-137 EE-057 EA-195 EO-008 EO-080 EA-009 EI-191 EO-094 EI-170 EI-051 EO-186 EY-043 EE-140 ER-040 ER-129 EH-173 ER-017 EO-182 EA-169 EE-050 EE-190 EA-063 EI-112 EL-156 EL-101 EU-024 EL-003 EI-037 EO-026 EA-069 EA-073 EL-122 EA-109 EL-185 EA-184 EA-141 EE-100 EE-093 EA-194 EE-146 EO-166 EH-164 ET-090 EA-149 EH-061 EE-126 EA-152 EO-021 EI-023 ER-059 EO-091 EA-180 EA-004 EA-123 EA-178,HE-099 HA-142 HL-168 HR-047 HA-159 HH-056 HH-055 HL-060 HI-132 HI-041 HA-113 HA-006 HO-032 HO-072 HT-064 HA-092 HI-020 HI-042 HO-124 HI-097 HU-079 HA-128 HO-187 HE-115 HA-192 HR-102 HI-144 HO-193 HA-066 HA-104 HH-076 HA-172 HE-130 HR-014 HA-196 HL-145 HH-029 HO-070 HE-078 HA-044 HE-095 HA-016 HA-103 HH-053 HU-153 HO-158 HA-025 HE-030 HL-074 HA-181 HI-052 HA-163 HE-012 HO-188 HA-0002 HA-077 HO-162 HA-089 HO-165 HA-018 HL-176 HA-177 HE-150 HI-134 HA-019 HR-179 HI-121 HO-038,EA-084 EE-174 EI-096 EO-054 EI-189,HP-138 HO-071 HI-036 HU-048 HE-022 HI-148 HI-034 HN-183
EO-083 EO-143 EA-135 EE-105 EO-005 EI-137 EE-057 EA-007 EA-195 EO-008 EO-080 EA-009 EI-191 EO-094 EI-170 EI-051 EO-186 EY-043 EE-140 ER-040 ER-129 EH-173 ER-017 EO-182 EA-169 EE-050 EA-063 EI-112 EU-024 EA-084 EI-037 EO-026 EA-069 EA-073 EL-122 EA-109 EA-184 EE-174 EA-141 EE-100 EE-093 EA-194 EE-146 EI-096 EO-166 EH-164 ET-090 EA-149 EH-061 EE-126 EA-152 EO-054 EO-021 EI-023 ER-059 EO-091 EI-189 EA-004 EA-123 ER-167,HE-099 HA-142 HR-047 HA-159 HH-056 HL-060 HI-132 HI-041 HA-113 HA-006 HO-032 HO-072 HT-064 HA-092 HI-020 HI-042 HO-124 HI-097 HU-079 HA-128 HO-187 HE-115 HA-192 HP-138 HI-144 HO-193 HA-066 HA-104 HH-076 HO-071 HI-036 HA-172 HE-130 HR-014 HA-196 HL-145 HH-029 HO-070 HE-095 HA-103 HH-053 HU-048 HU-153 HO-158 HA-025 HE-030 HL-074 HE-022 HA-181 HI-052 HA-163 HE-012 HI-148 HA-0002 HA-077 HO-162 HA-089 HO-165 HA-018 HL-176 HI-034 HE-150 HI-134 HA-019 HR-179 HN-183 HI-121 HO-038,EE-190 EL-156 EL-101 EL-003 EL-185 EA-180,HH-055 HR-102 HE-078 HA-044 HA-016 HO-188 HA-177
EO-083 EO-143 EA-135 EE-105 EI-137 EE-057 EA-007 EA-195 EO-008 EO-080 EA-009 EI-191 EO-094 EI-170 EI-051 EO-186 EY-043 EE-140 ER-040 ER-129 ER-017 EO-182 EA-169 EE-190 EI-112 EL-156 EL-101 EU-024 EL-003 EA-084 EI-037 EO-026 EA-069 EA-073 EL-122 EA-109 EL-185 EE-174 EA-141 EE-100 EE-093 EA-194 EE-146 EI-096 EO-166 EH-164 EA-149 EH-061 EE-126 EA-152 EO-054 EO-021 EI-023 EO-091 EA-180 EI-189 EA-004 EA-123 ER-167 EA-178,HE-099 HA-142 HL-168 HR-047 HA-159 HH-056 HH-055 HL-060 HI-132 HI-041 HA-113 HA-006 HO-032 HO-072 HT-064 HA-092 HI-020 HI-042 HO-124 HI-097 HU-079 HO-187 HE-115 HA-192 HP-138 HR-102 HI-144 HO-193 HA-066 HA-104 HH-076 HO-071 HI-036 HA-172 HE-130 HR-014 HL-145 HH-029 HE-078 HA-044 HE-095 HA-016 HA-103 HH-053 HU-048 HU-153 HA-025 HE-030 HE-022 HA-181 HA-163 HE-012 HI-148 HO-188 HO-162 HA-089 HO-165 HA-018 HL-176 HI-034 HA-177 HE-150 HI-134 HA-019 HR-179 HN-183 HI-121 HO-038,EH-173 EE-050 EA-063 EA-184 ET-090,HA-128 HA-196 HO-070 HO-158 HL-074 HI-052 HA-0002 HA-077
EO-083 EO-143 EO-005 EI-137 EE-057 EA-007 EA-195 EA-009 EI-191 EO-094 EI-170 EI-051 EO-186 EY-043 EE-140 ER-040 ER-129 EH-173 ER-017 EO-182 EA-169 EE-050 EE-190 EA-063 EI-112 EL-156 EL-101 EU-024 EL-003 EA-084 EI-037 EO-026 EA-069 EA-073 EL-122 EA-109 EL-185 EA-184 EE-174 EA-141 EE-100 EE-093 EA-194 EE-146 EI-096 EO-166 EH-164 ET-090 EE-126 EA-152 EO-054 EO-021 EI-023 ER-059 EO-091 EA-180 EI-189 EA-004 EA-123 ER-167 EA-178,HE-099 HL-168 HA-159 HH-055 HL-060 HI-132 HI-041 HA-113 HA-006 HO-032 HO-072 HT-064 HA-092 HI-020 HI-042 HO-124 HI-097 HU-079 HA-128 HO-187 HE-115 HA-192 HP-138 HR-102 HI-144 HO-193 HA-104 HH-076 HO-071 HI-036 HA-172 HE-130 HR-014 HA-196 HL-145 HH-029 HO-070 HE-078 HA-044 HE-095 HA-016 HA-103 HH-053 HU-048 HO-158 HA-025 HL-074 HE-022 HA-181 HI-052 HA-163 HE-012 HI-148 HO-188 HA-0002 HA-077 HO-162 HA-089 HO-165 HA-018 HL-176 HI-034 HA-177 HI-134 HR-179 HN-183 HI-121,EA-135 EE-105 EO-008 EO-080 EA-149 EH-061,HR-047 HH-056 HA-066 HU-153 HE-030 HE-150 HA-019
EO-083 EO-143 EA-135 EE-105 EO-005 EI-137 EE-057 EA-007 EA-195 EO-008 EO-080 EA-009 EI-191 EI-170 EI-051 EO-186 EY-043 EE-140 ER-040 ER-129 EH-173 ER-017 EO-182 EA-169 EE-050 EE-190 EA-063 EI-112 EL-156 EL-101 EL-003 EA-084 EI-037 EO-026 EA-069 EA-073 EL-122 EL-185 EA-184 EE-174 EA-141 EE-093 EA-194 EI-096 EO-166 EH-164 ET-090 EA-149 EH-061 EO-054 EO-021 EI-023 ER-059 EO-091 EA-180 EI-189 EA-004 EA-123 ER-167 EA-178,HA-142 HL-168 HR-047 HA-159 HH-056 HH-055 HL-060 HI-132 HA-006 HO-032 HO-072 HT-064 HA-092 HI-020 HI-042 HO-124 HI-097 HU-079 HA-128 HE-115 HA-192 HP-138 HR-102 HO-193 HA-066 HH-076 HO-071 HI-036 HA-172 HE-130 HR-014 HA-196 HL-145 HO-070 HE-078 HA-044 HE-095 HA-016 HA-103 HH-053 HU-048 HU-153 HO-158 HA-025 HE-030 HL-074 HE-022 HA-181 HI-052 HE-012 HI-148 HO-188 HA-0002 HA-077 HO-162 HA-089 HO-165 HA-018 HL-176 HI-034 HA-177 HE-150 HI-134 HA-019 HR-179 HN-183 HI-121 HO-038,EO-094 EU-024 EA-109 EE-100 EE-146 EE-126,HI-041 HA-113 HO-187 HI-144 HA-104 HH-029 HA-163
EO-143 EA-135 EE-105 EO-005 EI-137 EE-057 EA-007 EA-195 EO-008 EO-080 EA-009 EI-191 EO-094 EI-051 EO-186 ER-040 ER-129 EH-173 ER-017 EO-182 EA-169 EE-050 EE-190 EA-063 EL-156 EL-101 EU-024 EL-003 EA-084 EO-026 EA-069 EA-073 EL-122 EA-109 EL-185 EA-184 EE-174 EA-141 EE-100 EE-093 EA-194 EE-146 EI-096 EO-166 ET-090 EA-149 EH-061 EE-126 EA-152 EO-054 EO-021 EI-023 ER-059 EO-091 EA-180 EI-189 EA-004 EA-123 ER-167 EA-178,HE-099 HA-142 HL-168 HR-047 HA-159 HH-056 HH-055 HL-060 HI-132 HI-041 HA-113 HA-006 HO-032 HT-064 HA-092 HI-020 HI-042 HI-097 HU-079 HA-128 HO-187 HE-115 HA-192 HP-138 HR-102 HI-144 HA-066 HA-104 HO-071 HI-036 HE-130 HR-014 HA-196 HL-145 HH-029 HO-070 HE-078 HA-044 HE-095 HA-016 HA-103 HH-053 HU-048 HU-153 HO-158 HA-025 HE-030 HL-074 HE-022 HA-181 HI-052 HA-163 HE-012 HI-148 HO-188 HA-0002 HA-077 HA-089 HO-165 HL-176 HI-034 HA-177 HE-150 HI-134 HA-019 HR-179 HN-183 HI-121,EI-170 EY-043 EE-140 EI-112 EI-037 EH-164,HO-072 HO-124 HO-193 HH-076 HA-172 HO-162 HA-018
EO-083 EO-143 EA-135 EE-105 EO-005 EE-057 EA-007 EO-008 EO-080 EA-009 EO-094 EI-170 EO-186 EY-043 EE-140 ER-129 EH-173 ER-017 EO-182 EE-050 EE-190 EA-063 EI-112 EL-156 EL-101 EU-024 EL-003 EA-084 EI-037 EO-026 EA-069 EA-073 EL-122 EA-109 EL-185 EA-184 EE-174 EA-141 EE-100 EE-093 EA-194 EE-146 EI-096 EO-166 EH-164 ET-090 EA-149 EH-061 EE-126 EA-152 EO-054 EO-021 EI-023 ER-059 EO-091 EA-180 EI-189 EA-004 ER-167 EA-178,HA-142 HL-168 HR-047 HH-056 HH-055 HL-060 HI-132 HI-041 HA-113 HA-006 HO-032 HO-072 HI-020 HO-124 HI-097 HU-079 HA-128 HO-187 HE-115 HA-192 HP-138 HR-102 HI-144 HO-193 HA-066 HA-104 HH-076 HO-071 HI-036 HA-172 HE-130 HR-014 HA-196 HL-145 HH-029 HO-070 HE-078 HA-044 HE-095 HA-016 HA-103 HH-053 HU-048 HU-153 HO-158 HE-030 HL-074 HE-022 HI-052 HA-163 HE-012 HI-148 HO-188 HA-0002 HA-077 HO-162 HA-089 HO-165 HA-018 HL-176 HI-034 HA-177 HE-150 HI-134 HA-019 HR-179 HN-183 HO-038,EI-137 EA-195 EI-191 EI-051 ER-040 EA-169 EA-123,HA-159 HT-064 HA-092 HI-042 HA-025 HA-181
EO-083 EO-143 EA-135 EE-105 EO-005 EI-137 EE-057 EA-007 EA-195 EO-008 EO-080 EA-009 EI-191 EO-094 EI-170 EI-051 EY-043 EE-140 ER-040 ER-129 EH-173 ER-017 EO-182 EA-169 EE-050 EE-190 EA-063 EI-112 EL-156 EL-101 EU-024 EL-003 EA-084 EI-037 EO-026 EA-109 EL-185 EA-184 EE-174 EA-141 EE-100 EA-194 EE-146 EI-096 EO-166 EH-164 ET-090 EA-149 EH-061 EE-126 EA-152 EO-054 EI-023 ER-059 EA-180 EI-189 EA-004 EA-123 ER-167 EA-178,HE-099 HA-142 HL-168 HR-047 HA-159 HH-056 HH-055 HI-132 HI-041 HA-113 HA-006 HO-072 HT-064 HA-092 HI-042 HO-124 HU-079 HA-128 HO-187 HE-115 HP-138 HR-102 HI-144 HO-193 HA-066 HA-104 HH-076 HO-071 HI-036 HA-172 HE-130 HA-196 HL-145 HH-029 HO-070 HE-078 HA-044 HE-095 HA-016 HA-103 HH-053 HU-048 HU-153 HO-158 HA-025 HE-030 HL-074 HE-022 HA-181 HI-052 HA-163 HE-012 HI-148 HO-188 HA-0002 HA-077 HO-162 HA-089 HO-165 HA-018 HL-176 HI-034 HA-177 HE-150 HA-019 HR-179 HN-183 HI-121 HO-038,EO-186 EA-069 EA-073 EL-122 EE-093 EO-021 EO-091,HO-032 HI-020 HI-097 HA-192 HR-014
EO-083 EA-135 EE-105 EO-005 EI-137 EA-007 EA-195 EO-008 EO-080 EI-191 EO-094 EI-170 EI-051 EO-186 EY-043 EE-140 ER-040 ER-129 EH-173 EA-169 EE-050 EE-190 EA-063 EI-112 EL-156 EL-101 EU-024 EL-003 EA-084 EI-037 EA-069 EA-073 EL-122 EA-109 EL-185 EA-184 EE-174 EA-141 EE-100 EE-093 EA-194 EE-146 EI-096 EO-166 EH-164 ET-090 EA-149 EH-061 EE-126 EA-152 EO-054 EO-021 ER-059 EO-091 EA-180 EI-189 EA-004 EA-123 ER-167 EA-178,HE-099 HA-142 HL-168 HR-047 HA-159 HH-056 HH-055 HL-060 HI-132 HI-041 HA-113 HO-032 HO-072 HT-064 HA-092 HI-020 HI-042 HO-124 HI-097 HU-079 HA-128 HO-187 HA-192 HP-138 HR-102 HI-144 HO-193 HA-066 HA-104 HH-076 HO-071 HI-036 HA-172 HR-014 HA-196 HH-029 HO-070 HE-078 HA-044 HE-095 HA-016 HH-053 HU-048 HU-153 HO-158 HA-025 HE-030 HL-074 HE-022 HA-181 HI-052 HA-163 HI-148 HO-188 HA-0002 HA-077 HO-162 HA-089 HA-018 HL-176 HI-034 HA-177 HE-150 HI-134 HA-019 HR-179 HN-183 HI-121 HO-038,EE-057 EA-009 ER-017 EO-182 EO-026,HA-006 HE-115 HE-130 HL-145 HA-103 HE-012 HO-165
EO-083 EO-143 EA-135 EE-105 EO-005 EI-137 EE-057 EA-007 EA-195 EO-008 EO-080 EA-009 EI-191 EO-094 EI-170 EI-051 EO-186 EY-043 EE-140 ER-040 EH-173 ER-017 EO-182 EA-169 EE-050 EE-190 EA-063 EI-112 EL-156 EL-101 EU-024 EL-003 EA-084 EI-037 EO-026 EA-069 EA-073 EL-122 EA-109 EL-185 EA-184 EE-174 EE-100 EE-093 EE-146 EI-096 EH-164 ET-090 EA-149 EH-061 EE-126 EA-152 EO-054 EO-021 EI-023 ER-059 EO-091 EA-180 EI-189 EA-123 ER-167 EA-178,HE-099 HA-142 HL-168 HR-047 HA-159 HH-056 HH-055 HL-060 HI-041 HA-113 HA-006 HO-032 HO-072 HT-064 HA-092 HI-020 HI-042 HO-124 HI-097 HA-128 HO-187 HE-115 HA-192 HP-138 HR-102 HI-144 HO-193 HA-066 HA-104 HH-076 HO-071 HI-036 HA-172 HE-130 HR-014 HA-196 HL-145 HH-029 HO-070 HE-078 HA-044 HA-016 HA-103 HU-048 HU-153 HO-158 HA-025 HE-030 HL-074 HE-022 HA-181 HI-052 HA-163 HE-012 HI-148 HO-188 HA-0002 HA-077 HO-162 HO-165 HA-018 HI-034 HA-177 HE-150 HI-134 HA-019 HN-183 HI-121 HO-038,ER-129 EA-141 EA-194 EO-166 EA-004,HI-132 HU-079 HE-095 HH-053 HA-089 HL-176
